Location,Feature_1,Feature_2,Feature_3,Feature_4,Feature_5,Feature_6,Feature_7,Feature_8,Feature_9,Feature_10,Feature_11,Feature_12,Feature_13,Feature_14,Feature_15,Feature_16,Feature_17,Feature_18,Feature_19,Feature_20
26001,vstm,vvcsh,ustm,sdlwrf,mslma,sp,lftx4,unknown_3,pwat,max_10si,pt,gh_4,gust,t2m,pres_2,fricv,mdens,gh_7,pres_1,gh_6
26003,sdwe,sde,snowc,hail_1,cnwat,fricv,unknown_1,max_10si,unknown_2,gust,hail,r_1,tcc_1,gh_7,cape_1,gh,veg,fsr,pres_2,mdens
26005,slhtf,fricv,cnwat,blh,sdlwrf,max_10si,suswrf,sdswrf,pt,ustm,vddsf,sulwrf,cape_1,t,mslma,gh_4,cin,sp,t2m,sh2
26007,snowc,sdwe,sde,hail_1,cnwat,frzr,mcc,cape,veg,refd,gust,refd_1,fsr,lai,veril,sp,mslma,refc,gh_3,gh_7
26009,veril,refc,hail,gh_3,gust,unknown,fricv,refd_1,max_10si,mcc,lcc,gh_2,pcdb,pres,tcc,sdlwrf,mstav,r,tcc_1,refd
26011,cape,cape_1,blh,sdlwrf,lftx,cnwat,sp,gh_4,mslma,r,pcdb,r_1,lftx4,lcc,unknown_4,refc,gh_1,tcc,pres,pwat
26013,sde,sdwe,cnwat,snowc,mstav,plpl,gh_7,pres_2,gh_6,vvcsh,v,unknown_6,t2m,pres_1,vstm,mdens,lftx,gh_4,v10,pt
26015,cnwat,fricv,sdlwrf,slhtf,lftx,blh,pt,max_10si,gh_4,cape_1,t2m,sh2,d2m,gh_3,t,sulwrf,mslma,gh_2,lftx4,gust
26017,mslma,sp,cape_1,fsr,sdlwrf,cape,max_10si,gh_4,blh,gust,fricv,gh_3,lftx4,pwat,gh_2,vucsh,pt,pres,mdens,unknown_4
26019,sdlwrf,gh_4,pwat,cape,sh2,d2m,lftx4,cnwat,cape_1,fricv,ustm,mslma,cin,max_10si,gh_3,gh_2,sp,pres_2,gust,pres_1
26021,slhtf,fricv,vddsf,blh,sdswrf,suswrf,sulwrf,t,cnwat,max_10si,gflux,cape,pt,sdlwrf,ishf,t2m,vbdsf,gh_3,lftx,gh_4
26023,sdlwrf,lftx,gh_4,pwat,sh2,d2m,pt,lftx4,hcc,t2m,gh_1,mslma,vvcsh,cnwat,t,sulwrf,unknown,mcc,tcc,sp
26025,gh_4,lftx4,slhtf,lftx,sdlwrf,pwat,cape_1,mslma,fricv,sh2,d2m,sp,pt,max_10si,t,sulwrf,t2m,cnwat,cape,gust
26027,sdlwrf,gh_4,t,sulwrf,pt,t2m,pwat,fricv,sh2,lftx,d2m,lftx4,lai,fsr,veg,slhtf,max_10si,blh,pres_2,pres_1
26029,hail,cape,mslma,sp,gust,fricv,max_10si,fsr,blh,gh_5,veril,refd_1,unknown_3,refd,refc,mcc,gh_3,r_1,slhtf,r
26031,sde,sdwe,snowc,fricv,max_10si,blh,gust,hail_1,v,v10,slhtf,frzr,cnwat,cape,gh_5,unknown_1,hail,vddsf,sp,mslma
26033,snowc,sde,veg,sdwe,fsr,lai,d2m,sh2,pt,t2m,vucsh,ustm,gh_7,pres_2,pwat,gh_4,t,sdlwrf,sulwrf,lftx
26035,cnwat,slhtf,blh,ishf,sdswrf,suswrf,vddsf,cape_1,gflux,sulwrf,t,gh_4,lftx,vbdsf,mstav,unknown_1,fricv,cape,v10,v
26037,pres_2,pres_1,gh_7,gh_6,lai,t,sulwrf,t2m,pt,veg,fsr,unknown,d2m,sh2,sdlwrf,layth,unknown_5,hcc,r_1,gh_4
26039,SBT113,gust,SBT123,fricv,cape,cape_1,slhtf,max_10si,cnwat,mstav,tcc_1,blh,pcdb,u10,u,gh_5,mslma,ustm,vstm,lcc
26041,cnwat,mslma,sp,tcc_1,gh_2,gh_3,pres,vvcsh,cape,sde,sdwe,lcc,snowc,plpl,u10,gh_5,u,pcdb,v,gh
26043,cape,cape_1,cin,r,blh,cnwat,r_1,SBT123,unknown_4,sde,mcc,snowc,sdwe,unknown_5,layth,gh_6,veril,gh_7,refc,pres_1
26045,pwat,pt,vvcsh,t2m,t,sulwrf,d2m,sh2,sdlwrf,unknown,v,mcc,lftx4,v10,lftx,refd,hcc,gh_4,slhtf,refd_1
26047,sdwe,snowc,sde,cnwat,gh_3,mstav,gust,max_10si,hail,fricv,hcc,mcc,u,unknown_3,cape,u10,tcc_1,mslma,sp,gh
26049,sdlwrf,pt,lftx,gh_4,t2m,t,sulwrf,lftx4,mslma,pwat,sp,sh2,d2m,cape_1,mdens,pres_2,blh,unknown_2,pres_1,layth
26051,blh,slhtf,t,sulwrf,pt,t2m,fricv,ishf,SBT123,suswrf,r2,sdswrf,SBT113,vis,vbdsf,SBT124,unknown_5,SBT114,v10,vddsf
26053,sp,mslma,cnwat,tcc_1,lcc,cape,mstav,gh_3,gh,tcc,pres,v,gh_5,gh_2,v10,fricv,pcdb,r,r_1,vis
26055,blh,gust,cape_1,max_10si,hail,sp,fricv,mslma,vddsf,sdswrf,cin,fsr,suswrf,cape,unknown_5,v10,gh_1,pcdb,mcc,layth
26057,lftx,sdlwrf,lftx4,pwat,sh2,d2m,pt,plpl,gh_4,t2m,mslma,mdens,unknown_2,sp,t,sulwrf,unknown_3,unknown,hail,vvcsh
26059,fricv,cnwat,sp,mslma,max_10si,mstav,gust,slhtf,gh_3,tcc,gh_2,ustm,pcdb,lcc,tcc_1,pres,sdlwrf,gh,blh,lftx4
26061,veg,fsr,lai,sh2,d2m,unknown_2,pwat,mdens,sdlwrf,pres_1,pres_2,gh_6,gh_7,lftx,pt,t2m,gh_4,layth,sulwrf,t
26063,unknown_2,fricv,mdens,slhtf,veg,fsr,lai,max_10si,ustm,vddsf,ishf,sdswrf,suswrf,gflux,sh2,blh,d2m,cnwat,vbdsf,SBT113
26065,t,sulwrf,vddsf,pt,suswrf,sdswrf,t2m,slhtf,gflux,vbdsf,lftx,ishf,blh,d2m,SBT124,sh2,fricv,SBT114,cnwat,plpl
26067,cnwat,sh2,d2m,sdlwrf,pwat,gh_4,lftx,cape_1,lftx4,pt,sulwrf,t,mdens,fricv,t2m,pres_1,pres_2,gh_3,gh_6,max_10si
26069,pt,t2m,sulwrf,t,gh_4,pres_2,gh_7,r2,pres_1,gh_6,vis,gh_5,vstm,mdens,gh,vvcsh,lftx4,mstav,unknown_1,unknown_3
26071,hail_1,hail,unknown,cape,fricv,sdlwrf,cape_1,veril,cnwat,refc,unknown_3,max_10si,v10,v,unknown_1,mslma,sdwe,sde,snowc,refd
26073,pt,sdlwrf,t2m,gh_4,t,sulwrf,pwat,lftx,lftx4,d2m,sh2,cnwat,blh,slhtf,cape_1,pres_2,lai,unknown,gh_7,pres_1
26075,pt,t2m,t,sulwrf,sdlwrf,blh,gh_4,mdens,lftx,fricv,pwat,suswrf,SBT124,sdswrf,cnwat,pres_1,slhtf,pres_2,max_10si,sh2
26077,lftx,mslma,sp,lftx4,sdlwrf,blh,fricv,pt,slhtf,t,sulwrf,cape_1,t2m,gh_4,max_10si,pwat,sh2,d2m,cape,suswrf
26079,hail_1,hail,cnwat,sde,sdwe,snowc,veril,refc,unknown,unknown_1,fricv,max_10si,gust,gh_5,mstav,cape,gh_3,veg,mslma,lai
26081,sh2,d2m,gh_4,t,sulwrf,pt,lftx,sdlwrf,t2m,mdens,pwat,lftx4,unknown_2,pres_1,pres_2,cape_1,slhtf,suswrf,fricv,sdswrf
26083,fsr,cape,fricv,max_10si,gust,slhtf,blh,gh_5,gh_7,v10,plpl,v,SBT124,t2m,pres_2,SBT114,refc,frzr,veril,d2m
26085,fricv,cnwat,max_10si,ustm,gust,unknown_4,slhtf,blh,tcc_1,cape,refd,gh_3,refd_1,gh_2,unknown_3,vucsh,lcc,u,SBT113,cape_1
26087,unknown,layth,t,sulwrf,d2m,pt,sh2,t2m,veg,lai,gflux,fsr,ishf,vddsf,gh_4,cape_1,pres_1,gh_6,sdlwrf,sdswrf
26089,sdswrf,suswrf,vbdsf,vddsf,u10,mslma,sp,fsr,u,frzr,vstm,hail,pres_2,unknown_2,pres_1,unknown,max_10si,gh_7,gust,gh_6
26091,lftx,pt,sdlwrf,t,sulwrf,t2m,gh_4,cnwat,sh2,d2m,slhtf,fricv,pwat,lftx4,mdens,blh,vddsf,max_10si,unknown_2,sdswrf
26093,cnwat,sdlwrf,gh_3,pwat,gh_2,sh2,ustm,d2m,fricv,cape_1,slhtf,pres,t,sulwrf,mslma,gh,tcc_1,pt,lcc,sp
26095,sdwe,sde,snowc,cnwat,hail_1,lai,max_10si,fricv,gust,t2m,lftx,pt,fsr,veg,gh_7,t,mstav,d2m,sh2,sp
26097,veg,t,sulwrf,pt,t2m,sh2,d2m,gh_4,lftx,ustm,pres_2,gh_7,sdlwrf,pres_1,gh_6,sdwe,sde,snowc,SBT124,vgtyp
26099,sdlwrf,fricv,sh2,d2m,pt,pwat,sulwrf,t,mslma,slhtf,max_10si,sp,t2m,gh_4,unknown,ustm,gh_3,gflux,mcc,pres
26101,vstm,veril,refc,mcc,unknown,sp,mslma,mdens,slhtf,hcc,unknown_2,u10,u,refd_1,ustm,SBT113,refd,unknown_3,sulwrf,t
26103,cnwat,sp,mslma,hail_1,v,v10,vstm,max_10si,plpl,vvcsh,fricv,gust,sde,snowc,hail,sdwe,mstav,gflux,unknown_3,vucsh
26105,pt,t,sulwrf,t2m,cape_1,gh_4,lftx,fricv,suswrf,sdswrf,pres_2,sdlwrf,cape,vddsf,pres_1,mslma,gh_7,slhtf,max_10si,gh_6
26107,vstm,cnwat,fricv,cape_1,mslma,sdlwrf,sp,pt,lftx4,max_10si,cape,v,mdens,t,sulwrf,lftx,slhtf,t2m,sdswrf,vddsf
26109,sde,sdwe,snowc,cnwat,fricv,vstm,sdlwrf,max_10si,v,v10,u10,u,hcc,slhtf,refd,pres_2,gh_7,gh_6,vvcsh,pres_1
26111,fricv,blh,max_10si,slhtf,sulwrf,t,cnwat,pt,t2m,sdlwrf,suswrf,sdswrf,vddsf,cape_1,ishf,mslma,gust,sp,mdens,gh_4
26113,hail_1,hail,fricv,max_10si,refc,cape,unknown,veril,slhtf,refd,cnwat,gust,sdlwrf,refd_1,cape_1,blh,mslma,sde,sdwe,snowc
26115,cnwat,ustm,mdens,unknown_2,slhtf,mstav,sdlwrf,mslma,gflux,tcc,sp,vucsh,pcdb,vddsf,gh,fricv,sh2,blh,d2m,t
26117,cnwat,sdlwrf,lftx4,pwat,lftx,hail,sh2,sp,mslma,d2m,gh_3,refd,gh_2,unknown_3,refd_1,refc,veril,gh_4,mstav,unknown
26119,lsm,vgtyp,unknown_8,cpofp,orog,ustm,fricv,gust,max_10si,fsr,tcc,u10,sh2,u,vucsh,d2m,veg,unknown,lai,SBT113
26121,t,sulwrf,pt,t2m,suswrf,pres_2,pres_1,gh_7,gh_6,sdswrf,vddsf,lai,veg,fsr,d2m,sh2,sdlwrf,gh_4,gflux,vbdsf
26123,cape_1,cape,cnwat,fricv,max_10si,gh_4,sdlwrf,mslma,sp,lftx,blh,lftx4,gust,slhtf,gh_3,tcc_1,vstm,lcc,gh_2,pcdb
26125,cnwat,cape,slhtf,fricv,cape_1,sdlwrf,tcc_1,gh_3,max_10si,pres,sh2,pcdb,ustm,lcc,d2m,gh_2,gust,tcc,lftx,pwat
26127,lftx,sh2,d2m,gflux,lftx4,pt,vbdsf,t,sulwrf,plpl,t2m,suswrf,pwat,slhtf,v10,gh_4,sdswrf,v,mdens,mslma
26129,fricv,max_10si,mslma,gust,pt,blh,sp,t,sulwrf,mdens,t2m,gh_4,lftx,lftx4,unknown_3,mstav,sdlwrf,hail,plpl,unknown_4
26131,unknown_6,mslma,cnwat,sp,sde,sdwe,fricv,r,max_10si,snowc,gust,r_1,cape,sdlwrf,mstav,wz,pres,tcc_1,slhtf,gh_2
26133,cnwat,tcc_1,lcc,lftx4,sdlwrf,gh_3,pcdb,fricv,gh_4,unknown_3,gh_2,tcc,vstm,lftx,mstav,refc,ustm,vvcsh,hcc,gflux
26135,max_10si,fricv,gust,blh,veg,fsr,slhtf,lai,ustm,refd,vddsf,cnwat,vis,r2,veril,refd_1,vucsh,refc,unknown_2,sdswrf
26137,cnwat,cape_1,cape,tcc_1,lcc,r_1,r,mstav,pres,tcc,gust,fricv,sp,pcdb,max_10si,gh_2,gh,mslma,gh_3,gh_5
26139,fricv,r_1,r,max_10si,pcdb,tcc,cape_1,slhtf,sp,cape,ustm,gh,mslma,lcc,cnwat,gust,gh_3,vucsh,gh_2,tcc_1
26141,vucsh,ustm,gh_4,gh_5,gh_1,ishf,unknown,hail_1,unknown_1,pres_1,gh_6,v,pt,SBT114,pres_2,mslma,gh_7,t2m,sp,lftx4
26143,fricv,blh,slhtf,cnwat,max_10si,vddsf,gh_3,gust,sdswrf,suswrf,gh_2,ishf,t,sulwrf,pt,t2m,vvcsh,gflux,v,vbdsf
26145,gust,max_10si,fricv,slhtf,vucsh,ustm,lai,mslma,sp,mstav,fsr,veg,blh,cnwat,gh_5,unknown_4,gh_2,gh_3,vvcsh,vstm
26147,unknown,ustm,cnwat,mstav,pres,fricv,cape,tcc_1,gh,unknown_2,gh_2,max_10si,gust,gh_5,gh_3,vucsh,pcdb,tcc,slhtf,lcc
26149,t,sulwrf,pt,t2m,suswrf,sdswrf,slhtf,vddsf,gh_4,pres_2,blh,pres_1,gh_7,gh_6,SBT124,ishf,vbdsf,SBT114,sdlwrf,fricv
26151,mstav,gh,mdens,cape,pcdb,unknown_2,gh_5,tcc,tcc_1,lcc,cape_1,slhtf,fricv,r_1,unknown_5,pres,max_10si,r2,gh_2,SBT114
26153,sdwe,sde,snowc,cnwat,gust,hail_1,max_10si,mstav,fricv,cape,gh_5,t2m,t,gh_7,sp,pt,mslma,sulwrf,fsr,veg
26155,pres_2,pres_1,unknown,gh_7,gh_6,unknown_3,lai,layth,mslma,sdlwrf,sp,hcc,cnwat,pt,gh_4,hail,sh2,fricv,pwat,d2m
26157,unknown_2,mstav,mdens,ustm,unknown_5,SBT123,veg,fsr,gust,slhtf,SBT114,pres_2,unknown,tcc,SBT113,gh_7,max_10si,pres_1,fricv,gh_6
26159,fricv,max_10si,slhtf,blh,gust,sdswrf,suswrf,vddsf,cape_1,t,sulwrf,u,ishf,cape,pt,vbdsf,cnwat,u10,t2m,sp
26161,slhtf,cnwat,sulwrf,t,pt,t2m,sdlwrf,unknown,vddsf,fricv,sh2,d2m,blh,sdswrf,suswrf,pres_2,pres_1,ishf,cape,gh_7
26163,slhtf,pcdb,ustm,pres,fricv,tcc,max_10si,sdlwrf,tcc_1,gh_3,lcc,gh_2,mstav,cape,cape_1,gh_5,blh,mslma,gust,pwat
26165,sdlwrf,cnwat,mslma,pwat,sp,lftx4,sh2,d2m,gh_4,lftx,cape,hail,tcc_1,pcdb,unknown_1,lcc,pt,fricv,hail_1,plpl
